{"train/loss": 0.38357520699501035, "epoch": 63, "train/multiclass_accuracy": 0.8343765045739047, "train/multiclass_precision": 0.8328658641879167, "train/multiclass_recall": 0.8343765045739047, "train/multiclass_f1": 0.8332514412359736, "train/multiclass_loss": 0.27097830176353455, "train/contralateral_accuracy": 0.9181511795859413, "train/contralateral_precision": 0.8336380255941499, "train/contralateral_recall": 0.8523364485981308, "train/contralateral_f1": 0.842883548983364, "train/contralateral_loss": 0.11712245643138885, "train/ipsilateral_accuracy": 0.8955223880597015, "train/ipsilateral_precision": 0.7568493150684932, "train/ipsilateral_recall": 0.6021798365122616, "train/ipsilateral_f1": 0.6707132018209409, "train/ipsilateral_loss": 0.10807124525308609, "_timestamp": 1744230048.5336788, "_runtime": 105.21485185623169, "_step": 343, "val/loss": 0.37637896835803986, "val/multiclass_accuracy": 0.8337078651685393, "val/multiclass_precision": 0.8388904933402874, "val/multiclass_recall": 0.8337078651685393, "val/multiclass_f1": 0.8346085969252296, "val/multiclass_loss": 0.26772984862327576, "val/contralateral_accuracy": 0.9078651685393259, "val/contralateral_precision": 0.7833333333333333, "val/contralateral_recall": 0.8623853211009175, "val/contralateral_f1": 0.8209606986899564, "val/contralateral_loss": 0.1197885274887085, "val/ipsilateral_accuracy": 0.9235955056179775, "val/ipsilateral_precision": 0.7777777777777778, "val/ipsilateral_recall": 0.8333333333333334, "val/ipsilateral_f1": 0.8045977011494253, "val/ipsilateral_loss": 0.0975097268819809, "_wandb": {"runtime": 105}}