{"val/multiclass_confusion_matrix": {"_type": "image-file", "sha256": "ecd69240595a06e4006863ec2a0ab8f4cbc541d0fd682ee3d0c491a4f9e8166a", "size": 21109, "path": "media/images/val/multiclass_confusion_matrix_28_ecd69240595a06e40068.png", "format": "png", "width": 800, "height": 600}, "_timestamp": 1744367199.932092, "_runtime": 17.647552967071533, "_step": 33, "val/contralateral_confusion_matrix": {"_type": "image-file", "sha256": "dfdedcfc167deff0b7ed325129fff2d97a8173f025fdb944f6fcca34a66ade60", "size": 17165, "path": "media/images/val/contralateral_confusion_matrix_29_dfdedcfc167deff0b7ed.png", "format": "png", "width": 800, "height": 600}, "val/ipsilateral_confusion_matrix": {"_type": "image-file", "sha256": "241795d388e5f685cef8295b2989935c1c963824fbed6dd00f243ae7b5ccca5e", "size": 17751, "path": "media/images/val/ipsilateral_confusion_matrix_30_241795d388e5f685cef8.png", "format": "png", "width": 800, "height": 600}, "epoch": 8, "train/loss": 0.2527271709404886, "val/loss": 0.24982823644365584, "learning_rate": 5e-07, "train/multiclass_accuracy": 0.44384765625, "train/multiclass_precision": 0.43078301047655976, "train/multiclass_recall": 0.44384765625, "train/multiclass_f1": 0.43384779300536913, "val/multiclass_accuracy": 0.4966442953020134, "val/multiclass_precision": 0.4293752993831161, "val/multiclass_recall": 0.4966442953020134, "val/multiclass_f1": 0.44466093876448265, "train/contralateral_accuracy": 0.69677734375, "train/contralateral_precision": 0.304, "train/contralateral_recall": 0.14531548757170173, "train/contralateral_f1": 0.19663648124191463, "val/contralateral_accuracy": 0.7315436241610739, "val/contralateral_precision": 0.25, "val/contralateral_recall": 0.02631578947368421, "val/contralateral_f1": 0.04761904761904762, "train/ipsilateral_accuracy": 0.29248046875, "train/ipsilateral_precision": 0.17401668653158522, "train/ipsilateral_recall": 0.8225352112676056, "train/ipsilateral_f1": 0.28726020659124446, "val/ipsilateral_accuracy": 0.22595078299776286, "val/ipsilateral_precision": 0.1715686274509804, "val/ipsilateral_recall": 0.8974358974358975, "val/ipsilateral_f1": 0.2880658436213992, "loss_history": {"_type": "image-file", "sha256": "19d4aa704018f79e224b523da6d5544d5bcd72c4fb7792f47ebe835db34eb647", "size": 40818, "path": "media/images/loss_history_32_19d4aa704018f79e224b.png", "format": "png", "width": 1000, "height": 600}, "accuracy_history": {"_type": "image-file", "sha256": "cb638d0aec4b3e716c3ed3abc547b40f537e74f1d80ae7c477f39350dd75d7ed", "size": 40396, "path": "media/images/accuracy_history_33_cb638d0aec4b3e716c3e.png", "format": "png", "width": 1000, "height": 600}, "_wandb": {"runtime": 20}}