{"val/multiclass_confusion_matrix": {"_type": "image-file", "sha256": "cb1d6cb0b34e24cc8856f1d214b4e2b235a51abfde57fb1d48077e05dc135d97", "size": 19802, "path": "media/images/val/multiclass_confusion_matrix_216_cb1d6cb0b34e24cc8856.png", "format": "png", "width": 800, "height": 600}, "_timestamp": 1744367522.590125, "_runtime": 55.50649619102478, "_step": 221, "val/contralateral_confusion_matrix": {"_type": "image-file", "sha256": "e9981c3f4f8dd1b1279488198ec50b5670bb0c8752e82df30db51c989d65ab03", "size": 17803, "path": "media/images/val/contralateral_confusion_matrix_217_e9981c3f4f8dd1b12794.png", "format": "png", "width": 800, "height": 600}, "val/ipsilateral_confusion_matrix": {"_type": "image-file", "sha256": "c3ab4807ab027802461936933054f6f34823b8dd6a652735e0ebf0dcff08754e", "size": 17501, "path": "media/images/val/ipsilateral_confusion_matrix_218_c3ab4807ab0278024619.png", "format": "png", "width": 800, "height": 600}, "epoch": 55, "train/loss": 0.03482806932879612, "val/loss": 0.0833277947136334, "learning_rate": 5e-05, "train/multiclass_accuracy": 0.91650390625, "train/multiclass_precision": 0.9229415254396907, "train/multiclass_recall": 0.91650390625, "train/multiclass_f1": 0.9171330046135335, "val/multiclass_accuracy": 0.8210290827740492, "val/multiclass_precision": 0.8572567610108647, "val/multiclass_recall": 0.8210290827740492, "val/multiclass_f1": 0.8255358741136947, "train/contralateral_accuracy": 0.96044921875, "train/contralateral_precision": 0.8873239436619719, "train/contralateral_recall": 0.9673704414587332, "train/contralateral_f1": 0.9256198347107439, "val/contralateral_accuracy": 0.9105145413870246, "val/contralateral_precision": 0.7846153846153846, "val/contralateral_recall": 0.8947368421052632, "val/contralateral_f1": 0.8360655737704918, "train/ipsilateral_accuracy": 0.9560546875, "train/ipsilateral_precision": 0.8284313725490197, "train/ipsilateral_recall": 0.9441340782122905, "train/ipsilateral_f1": 0.8825065274151436, "val/ipsilateral_accuracy": 0.8881431767337807, "val/ipsilateral_precision": 0.6228070175438597, "val/ipsilateral_recall": 0.9102564102564102, "val/ipsilateral_f1": 0.7395833333333334, "loss_history": {"_type": "image-file", "sha256": "4ca0cd26d085e3eeae35455f5c163c74ea6370fee21e049286b3d0873e84f9bf", "size": 42499, "path": "media/images/loss_history_220_4ca0cd26d085e3eeae35.png", "format": "png", "width": 1000, "height": 600}, "accuracy_history": {"_type": "image-file", "sha256": "f4379fc878ffe1a80400681e3fdf982205bf75544d4e2c1ee8b09e0f9d72b570", "size": 47037, "path": "media/images/accuracy_history_221_f4379fc878ffe1a80400.png", "format": "png", "width": 1000, "height": 600}, "_wandb": {"runtime": 58}}