{"val/multiclass_confusion_matrix": {"_type": "image-file", "sha256": "ab76a550a167e306d1e5cda37be5da67b25a5528ca4958bd335af11770527ac3", "size": 19573, "path": "media/images/val/multiclass_confusion_matrix_216_ab76a550a167e306d1e5.png", "format": "png", "width": 800, "height": 600}, "_timestamp": 1744367132.4060268, "_runtime": 55.23135995864868, "_step": 221, "val/contralateral_confusion_matrix": {"_type": "image-file", "sha256": "27c1c9485af05146dcce8a1d9b1e2697de097fd9217404963a1eca8bd46d9c68", "size": 17817, "path": "media/images/val/contralateral_confusion_matrix_217_27c1c9485af05146dcce.png", "format": "png", "width": 800, "height": 600}, "val/ipsilateral_confusion_matrix": {"_type": "image-file", "sha256": "8b2b2948b4ecda683d719e056eb400177533f17e8b08a7dcad1e32225241ea4f", "size": 17407, "path": "media/images/val/ipsilateral_confusion_matrix_218_8b2b2948b4ecda683d71.png", "format": "png", "width": 800, "height": 600}, "epoch": 55, "train/loss": 0.03495779418153688, "val/loss": 0.08318574194397245, "learning_rate": 5e-05, "train/multiclass_accuracy": 0.9169921875, "train/multiclass_precision": 0.9233048399679176, "train/multiclass_recall": 0.9169921875, "train/multiclass_f1": 0.9176081926755442, "val/multiclass_accuracy": 0.8187919463087249, "val/multiclass_precision": 0.8555909057111464, "val/multiclass_recall": 0.8187919463087249, "val/multiclass_f1": 0.8232057887959764, "train/contralateral_accuracy": 0.9599609375, "train/contralateral_precision": 0.8844133099824869, "train/contralateral_recall": 0.9692898272552783, "train/contralateral_f1": 0.924908424908425, "val/contralateral_accuracy": 0.9060402684563759, "val/contralateral_precision": 0.7727272727272727, "val/contralateral_recall": 0.8947368421052632, "val/contralateral_f1": 0.8292682926829269, "train/ipsilateral_accuracy": 0.95556640625, "train/ipsilateral_precision": 0.828009828009828, "train/ipsilateral_recall": 0.9413407821229051, "train/ipsilateral_f1": 0.881045751633987, "val/ipsilateral_accuracy": 0.8859060402684564, "val/ipsilateral_precision": 0.6173913043478261, "val/ipsilateral_recall": 0.9102564102564102, "val/ipsilateral_f1": 0.7357512953367875, "loss_history": {"_type": "image-file", "sha256": "5fa0798d6bf438ffe1d8d20d0e929616a037799616c27df0a1ee33bf0f4cc7ef", "size": 42415, "path": "media/images/loss_history_220_5fa0798d6bf438ffe1d8.png", "format": "png", "width": 1000, "height": 600}, "accuracy_history": {"_type": "image-file", "sha256": "5ffd5b718e0ccc8711f0731cc9114e24714f3907f2063dff6ec23ce192716ce1", "size": 46437, "path": "media/images/accuracy_history_221_5ffd5b718e0ccc8711f0.png", "format": "png", "width": 1000, "height": 600}, "_wandb": {"runtime": 57}}