{"val/multiclass_confusion_matrix": {"_type": "image-file", "sha256": "67ffc5a685d4c60a03c4753937668e1e7b1d4990b4ae2058bda5a7e20404cddf", "size": 20161, "path": "media/images/val/multiclass_confusion_matrix_172_67ffc5a685d4c60a03c4.png", "format": "png", "width": 800, "height": 600}, "_timestamp": 1744910614.5609844, "_runtime": 45.38674831390381, "_step": 177, "val/contralateral_confusion_matrix": {"_type": "image-file", "sha256": "aaca6aac93f8771ba849aaf61674b56d8b9d44ea135be1f34c2b7a6381fe0433", "size": 16710, "path": "media/images/val/contralateral_confusion_matrix_173_aaca6aac93f8771ba849.png", "format": "png", "width": 800, "height": 600}, "val/ipsilateral_confusion_matrix": {"_type": "image-file", "sha256": "c3d98c8080684ae4f1b4af503813461e4185db68cf4fcd3f8bd23b368911d898", "size": 17994, "path": "media/images/val/ipsilateral_confusion_matrix_174_c3d98c8080684ae4f1b4.png", "format": "png", "width": 800, "height": 600}, "epoch": 44, "train/loss": 0.042550787737127393, "val/loss": 0.08537560169185911, "learning_rate": 5e-05, "train/multiclass_accuracy": 0.9189453125, "train/multiclass_precision": 0.9227571323285456, "train/multiclass_recall": 0.9189453125, "train/multiclass_f1": 0.9193722034307121, "val/multiclass_accuracy": 0.8456375838926175, "val/multiclass_precision": 0.8575665933674548, "val/multiclass_recall": 0.8456375838926175, "val/multiclass_f1": 0.8472024761751272, "train/contralateral_accuracy": 0.95556640625, "train/contralateral_precision": 0.9043760129659644, "train/contralateral_recall": 0.9457627118644067, "train/contralateral_f1": 0.9246064623032312, "val/contralateral_accuracy": 0.9172259507829977, "val/contralateral_precision": 0.8432835820895522, "val/contralateral_recall": 0.875968992248062, "val/contralateral_f1": 0.8593155893536122, "train/ipsilateral_accuracy": 0.95068359375, "train/ipsilateral_precision": 0.8362831858407079, "train/ipsilateral_recall": 0.9333333333333333, "train/ipsilateral_f1": 0.882147024504084, "val/ipsilateral_accuracy": 0.9082774049217002, "val/ipsilateral_precision": 0.7079646017699115, "val/ipsilateral_recall": 0.9090909090909091, "val/ipsilateral_f1": 0.7960199004975125, "loss_history": {"_type": "image-file", "sha256": "2d53842ca9b8cf5af4d48b9d6c379bc33155ee77ebc2fe34f74e86501f7f52ae", "size": 41183, "path": "media/images/loss_history_176_2d53842ca9b8cf5af4d4.png", "format": "png", "width": 1000, "height": 600}, "accuracy_history": {"_type": "image-file", "sha256": "235badfe6a0a3e1bd035fd21f569ed515bc57703d38cef298e73d73150868b78", "size": 44570, "path": "media/images/accuracy_history_177_235badfe6a0a3e1bd035.png", "format": "png", "width": 1000, "height": 600}, "_wandb": {"runtime": 47}}