{"val/multiclass_confusion_matrix": {"_type": "image-file", "sha256": "41d0d411e8b0d74487632f1239fcaf7f56d4cebe987e3444f01b966218336b03", "size": 19653, "path": "media/images/val/multiclass_confusion_matrix_68_41d0d411e8b0d7448763.png", "format": "png", "width": 800, "height": 600}, "_timestamp": 1744369090.6153638, "_runtime": 25.273619890213013, "_step": 73, "val/contralateral_confusion_matrix": {"_type": "image-file", "sha256": "418fa833c10e1bbdf5a1a4906325ea47c4c15eaea1c1b57b68bb75cf9296e244", "size": 17134, "path": "media/images/val/contralateral_confusion_matrix_69_418fa833c10e1bbdf5a1.png", "format": "png", "width": 800, "height": 600}, "val/ipsilateral_confusion_matrix": {"_type": "image-file", "sha256": "330204a55dfe4ee119dad161a7024a08e658a84fcb556526e5dcbf0587bc9cd8", "size": 17147, "path": "media/images/val/ipsilateral_confusion_matrix_70_330204a55dfe4ee119da.png", "format": "png", "width": 800, "height": 600}, "epoch": 18, "train/loss": 0.14687009481713176, "val/loss": 0.14761011089597428, "learning_rate": 0.0001, "train/multiclass_accuracy": 0.744140625, "train/multiclass_precision": 0.762959648987314, "train/multiclass_recall": 0.744140625, "train/multiclass_f1": 0.742917948368085, "val/multiclass_accuracy": 0.7360178970917226, "val/multiclass_precision": 0.7620805974855331, "val/multiclass_recall": 0.7360178970917226, "val/multiclass_f1": 0.7349439534607253, "train/contralateral_accuracy": 0.84912109375, "train/contralateral_precision": 0.7125, "train/contralateral_recall": 0.7848537005163512, "train/contralateral_f1": 0.7469287469287471, "val/contralateral_accuracy": 0.8389261744966443, "val/contralateral_precision": 0.7099236641221374, "val/contralateral_recall": 0.7322834645669292, "val/contralateral_f1": 0.7209302325581396, "train/ipsilateral_accuracy": 0.8505859375, "train/ipsilateral_precision": 0.7170626349892009, "train/ipsilateral_recall": 0.6548323471400395, "train/ipsilateral_f1": 0.6845360824742268, "val/ipsilateral_accuracy": 0.8590604026845637, "val/ipsilateral_precision": 0.6846153846153846, "val/ipsilateral_recall": 0.8018018018018018, "val/ipsilateral_f1": 0.7385892116182573, "loss_history": {"_type": "image-file", "sha256": "b14be27222b60ad0a087fd2cfb10588343fc4d5892c40c14b1399984d7d16f8a", "size": 45494, "path": "media/images/loss_history_72_b14be27222b60ad0a087.png", "format": "png", "width": 1000, "height": 600}, "accuracy_history": {"_type": "image-file", "sha256": "dbf9ce69fbf7d821a66880272d1db49239d7b57386792b17f85534aaa2c2bc8c", "size": 51079, "path": "media/images/accuracy_history_73_dbf9ce69fbf7d821a668.png", "format": "png", "width": 1000, "height": 600}, "_wandb": {"runtime": 27}}