{"val/multiclass_confusion_matrix": {"_type": "image-file", "sha256": "bac85e11f2dd90121b432050dcbf772c7a3d1bfecc6ccf42022d6422a1b36ca6", "size": 19372, "path": "media/images/val/multiclass_confusion_matrix_288_bac85e11f2dd90121b43.png", "format": "png", "width": 800, "height": 600}, "_timestamp": 1744910910.7382247, "_runtime": 139.53325486183167, "_step": 293, "val/contralateral_confusion_matrix": {"_type": "image-file", "sha256": "9a4436e769414d7aacebcbfae19eef1db49648e726f02e23a6e003f28f431890", "size": 16944, "path": "media/images/val/contralateral_confusion_matrix_289_9a4436e769414d7aaceb.png", "format": "png", "width": 800, "height": 600}, "val/ipsilateral_confusion_matrix": {"_type": "image-file", "sha256": "38fd5d247897155b14d76f008f34f4bf6eef3d7e178f8127c820bffdfd86b2e2", "size": 17665, "path": "media/images/val/ipsilateral_confusion_matrix_290_38fd5d247897155b14d7.png", "format": "png", "width": 800, "height": 600}, "epoch": 73, "train/loss": 0.3554879722651094, "val/loss": 0.3491374658686774, "learning_rate": 3.2398706866196236e-05, "train/multiclass_accuracy": 0.763671875, "train/multiclass_precision": 0.7787032156279592, "train/multiclass_recall": 0.763671875, "train/multiclass_f1": 0.7650561727284934, "val/multiclass_accuracy": 0.6839729119638827, "val/multiclass_precision": 0.7225191239659859, "val/multiclass_recall": 0.6839729119638827, "val/multiclass_f1": 0.6870701075214861, "train/contralateral_accuracy": 0.865234375, "train/contralateral_precision": 0.7416413373860182, "train/contralateral_recall": 0.8215488215488216, "train/contralateral_f1": 0.7795527156549521, "val/contralateral_accuracy": 0.8126410835214447, "val/contralateral_precision": 0.6285714285714286, "val/contralateral_recall": 0.859375, "val/contralateral_f1": 0.7260726072607261, "train/ipsilateral_accuracy": 0.88525390625, "train/ipsilateral_precision": 0.6875, "train/ipsilateral_recall": 0.7642679900744417, "train/ipsilateral_f1": 0.7238542890716804, "val/ipsilateral_accuracy": 0.8239277652370203, "val/ipsilateral_precision": 0.5483870967741935, "val/ipsilateral_recall": 0.5862068965517241, "val/ipsilateral_f1": 0.5666666666666665, "loss_history": {"_type": "image-file", "sha256": "9c6678e557db08a43b426b5dd33536a15cb08a02f1f25a95e9db281390339275", "size": 39425, "path": "media/images/loss_history_292_9c6678e557db08a43b42.png", "format": "png", "width": 1000, "height": 600}, "accuracy_history": {"_type": "image-file", "sha256": "8e2ab9cb9974ade71cb10d8c9bd9ac700a16722194f4a940e40a45491e267480", "size": 60946, "path": "media/images/accuracy_history_293_8e2ab9cb9974ade71cb1.png", "format": "png", "width": 1000, "height": 600}, "_wandb": {"runtime": 143}}