{"val/multiclass_confusion_matrix": {"_type": "image-file", "sha256": "8f902a6532c99c93095eeefc6fc0c18822b6c115852cb6f9f8ed17b371383099", "size": 19285, "path": "media/images/val/multiclass_confusion_matrix_76_8f902a6532c99c93095e.png", "format": "png", "width": 800, "height": 600}, "_timestamp": 1744367686.0726354, "_runtime": 27.270500421524048, "_step": 81, "val/contralateral_confusion_matrix": {"_type": "image-file", "sha256": "4e38ff7688f0e8156f0f2d7f86e3e50e87e773108f544c448ed0a1983713a836", "size": 17241, "path": "media/images/val/contralateral_confusion_matrix_77_4e38ff7688f0e8156f0f.png", "format": "png", "width": 800, "height": 600}, "val/ipsilateral_confusion_matrix": {"_type": "image-file", "sha256": "2ad1b7b821e4e5d9a9c838dce8aa5e91f57e54533e567511ab22db304167b77e", "size": 17802, "path": "media/images/val/ipsilateral_confusion_matrix_78_2ad1b7b821e4e5d9a9c8.png", "format": "png", "width": 800, "height": 600}, "epoch": 20, "train/loss": 0.13715059752576053, "val/loss": 0.14792356001479284, "learning_rate": 0.0001, "train/multiclass_accuracy": 0.69677734375, "train/multiclass_precision": 0.7625902572171348, "train/multiclass_recall": 0.69677734375, "train/multiclass_f1": 0.6991645867202751, "val/multiclass_accuracy": 0.6286353467561522, "val/multiclass_precision": 0.7265071566209588, "val/multiclass_recall": 0.6286353467561522, "val/multiclass_f1": 0.6272396933320645, "train/contralateral_accuracy": 0.865234375, "train/contralateral_precision": 0.7066666666666667, "train/contralateral_recall": 0.8091603053435115, "train/contralateral_f1": 0.7544483985765124, "val/contralateral_accuracy": 0.8232662192393736, "val/contralateral_precision": 0.624113475177305, "val/contralateral_recall": 0.7719298245614035, "val/contralateral_f1": 0.6901960784313725, "train/ipsilateral_accuracy": 0.79931640625, "train/ipsilateral_precision": 0.4343675417661098, "train/ipsilateral_recall": 0.5112359550561798, "train/ipsilateral_f1": 0.46967741935483875, "val/ipsilateral_accuracy": 0.8008948545861297, "val/ipsilateral_precision": 0.44660194174757284, "val/ipsilateral_recall": 0.5897435897435898, "val/ipsilateral_f1": 0.5082872928176796, "loss_history": {"_type": "image-file", "sha256": "b186cd6c175854971eed49f6e9dab985257b1b09ae57184ac41a40d3fd378aac", "size": 44096, "path": "media/images/loss_history_80_b186cd6c175854971eed.png", "format": "png", "width": 1000, "height": 600}, "accuracy_history": {"_type": "image-file", "sha256": "03890f2f8f9d7b012a2cf61016d2df306ddebbe5b81ac67cfcd949ad8760d88a", "size": 49628, "path": "media/images/accuracy_history_81_03890f2f8f9d7b012a2c.png", "format": "png", "width": 1000, "height": 600}, "_wandb": {"runtime": 29}}