{"train/loss": 1.0180668849211472, "train/accuracy": 0.568608570052961, "train/precision": 0.4574640373052939, "train/recall": 0.568608570052961, "train/f1": 0.4191090314527802, "epoch": 90, "_timestamp": 1744143266.8182316, "_runtime": 38.09789752960205, "_step": 180, "val/loss": 1.0241157582827978, "val/accuracy": 0.5640449438202247, "val/precision": 0.3208562660106019, "val/recall": 0.5640449438202247, "val/f1": 0.4090340312020047, "test/loss": 1.0073414317199163, "test/accuracy": 0.600896860986547, "test/precision": 0.40870192961000135, "test/recall": 0.600896860986547, "test/f1": 0.4606046419027746, "_wandb": {"runtime": 38}}