{"train/loss": 3.8647416848402756, "epoch": 120, "train/multiclass_accuracy": 0.8387096774193549, "train/multiclass_precision": 0.8381103850291998, "train/multiclass_recall": 0.8387096774193549, "train/multiclass_f1": 0.8383132556146399, "train/multiclass_loss": 0.23120370507240295, "train/contralateral_accuracy": 0.8993740972556572, "train/contralateral_precision": 0.8110687022900763, "train/contralateral_recall": 0.794392523364486, "train/contralateral_f1": 0.8026440037771483, "train/contralateral_loss": 0.1143527701497078, "train/ipsilateral_accuracy": 0.9205584978334136, "train/ipsilateral_precision": 0.7970588235294118, "train/ipsilateral_recall": 0.7384196185286104, "train/ipsilateral_f1": 0.7666195190947668, "train/ipsilateral_loss": 0.09287846833467484, "_timestamp": 1744232083.3717718, "_runtime": 1247.1843829154968, "_step": 2489, "val/loss": 0.5976914976324353, "val/multiclass_accuracy": 0.8112359550561797, "val/multiclass_precision": 0.8188088944176645, "val/multiclass_recall": 0.8112359550561797, "val/multiclass_f1": 0.8115941739381354, "val/multiclass_loss": 0.28061097860336304, "val/contralateral_accuracy": 0.8876404494382022, "val/contralateral_precision": 0.7864077669902912, "val/contralateral_recall": 0.7431192660550459, "val/contralateral_f1": 0.7641509433962266, "val/contralateral_loss": 0.13137254118919373, "val/ipsilateral_accuracy": 0.9078651685393259, "val/ipsilateral_precision": 0.7009345794392523, "val/ipsilateral_recall": 0.8928571428571429, "val/ipsilateral_f1": 0.7853403141361256, "val/ipsilateral_loss": 0.11504902690649033, "_wandb": {"runtime": 1247}}