{"val/multiclass_confusion_matrix": {"_type": "image-file", "sha256": "c7479452de883816806167397ff1d8ff4d9ac767b8f948f0a1baf3c964ff98c9", "size": 19005, "path": "media/images/val/multiclass_confusion_matrix_68_c7479452de8838168061.png", "format": "png", "width": 800, "height": 600}, "_timestamp": 1744368978.1552374, "_runtime": 25.326293468475342, "_step": 73, "val/contralateral_confusion_matrix": {"_type": "image-file", "sha256": "a06c84e8b13f5241ce0585e042a86ff46affd1c87919ca1a33864ab537802927", "size": 19151, "path": "media/images/val/contralateral_confusion_matrix_69_a06c84e8b13f5241ce05.png", "format": "png", "width": 800, "height": 600}, "val/ipsilateral_confusion_matrix": {"_type": "image-file", "sha256": "aa11cf587e64aed94fd206df264603bfc50b4b1fc5fe43585f84fd6b6246d48a", "size": 17177, "path": "media/images/val/ipsilateral_confusion_matrix_70_aa11cf587e64aed94fd2.png", "format": "png", "width": 800, "height": 600}, "epoch": 18, "train/loss": 0.14632144151255488, "val/loss": 0.1640916413494519, "learning_rate": 0.0001, "train/multiclass_accuracy": 0.67041015625, "train/multiclass_precision": 0.7132829012205077, "train/multiclass_recall": 0.67041015625, "train/multiclass_f1": 0.6592775829543679, "val/multiclass_accuracy": 0.6375838926174496, "val/multiclass_precision": 0.685418282291859, "val/multiclass_recall": 0.6375838926174496, "val/multiclass_f1": 0.6311101988796721, "train/contralateral_accuracy": 0.80517578125, "train/contralateral_precision": 0.6085626911314985, "train/contralateral_recall": 0.7356746765249538, "train/contralateral_f1": 0.6661087866108787, "val/contralateral_accuracy": 0.7449664429530202, "val/contralateral_precision": 0.5102040816326531, "val/contralateral_recall": 0.6410256410256411, "val/contralateral_f1": 0.5681818181818182, "train/ipsilateral_accuracy": 0.85546875, "train/ipsilateral_precision": 0.6511627906976745, "train/ipsilateral_recall": 0.8888888888888888, "train/ipsilateral_f1": 0.7516778523489932, "val/ipsilateral_accuracy": 0.8590604026845637, "val/ipsilateral_precision": 0.6558441558441559, "val/ipsilateral_recall": 0.9099099099099099, "val/ipsilateral_f1": 0.7622641509433962, "loss_history": {"_type": "image-file", "sha256": "703f81c881496ed5dcd95533049a5cf6153170aa1352cd3db24e159330414eba", "size": 44338, "path": "media/images/loss_history_72_703f81c881496ed5dcd9.png", "format": "png", "width": 1000, "height": 600}, "accuracy_history": {"_type": "image-file", "sha256": "2ba4638b68629e1773f6cca828301a06beeaf77519a0e1c0da425b3c4b5b9742", "size": 49732, "path": "media/images/accuracy_history_73_2ba4638b68629e1773f6.png", "format": "png", "width": 1000, "height": 600}, "_wandb": {"runtime": 27}}