{"val/multiclass_confusion_matrix": {"_type": "image-file", "sha256": "03751e647d7e53b740fe70fcf7d75976427ea1b24eb32e960cec55ab8807e3dc", "size": 18240, "path": "media/images/val/multiclass_confusion_matrix_372_03751e647d7e53b740fe.png", "format": "png", "width": 800, "height": 600}, "_timestamp": 1744332013.299399, "_runtime": 152.12662601470947, "_step": 377, "val/contralateral_confusion_matrix": {"_type": "image-file", "sha256": "4a1e8eb67abbf80407414e0f4274506791fdaad47afa49eeedfd3b62c0bf1f53", "size": 19184, "path": "media/images/val/contralateral_confusion_matrix_373_4a1e8eb67abbf8040741.png", "format": "png", "width": 800, "height": 600}, "val/ipsilateral_confusion_matrix": {"_type": "image-file", "sha256": "d174b84173b1acdb66fa3b93505105e574a7d884413607c83563b3e97302fe15", "size": 18028, "path": "media/images/val/ipsilateral_confusion_matrix_374_d174b84173b1acdb66fa.png", "format": "png", "width": 800, "height": 600}, "epoch": 94, "train/loss": 3.4110842011868954, "val/loss": 2.359385132789612, "learning_rate": 1.7929337514233076e-08, "train/multiclass_accuracy": 0.35791015625, "train/multiclass_precision": 0.4204709332885604, "train/multiclass_recall": 0.35791015625, "train/multiclass_f1": 0.3739480846053602, "val/multiclass_accuracy": 0.4108352144469526, "val/multiclass_precision": 0.4679002725519019, "val/multiclass_recall": 0.4108352144469526, "val/multiclass_f1": 0.4294458120112084, "train/contralateral_accuracy": 0.5556640625, "train/contralateral_precision": 0.263030303030303, "train/contralateral_recall": 0.41811175337186895, "train/contralateral_f1": 0.32291666666666663, "val/contralateral_accuracy": 0.6501128668171557, "val/contralateral_precision": 0.30973451327433627, "val/contralateral_recall": 0.3125, "val/contralateral_f1": 0.31111111111111106, "train/ipsilateral_accuracy": 0.62548828125, "train/ipsilateral_precision": 0.19083969465648856, "train/ipsilateral_recall": 0.3453038674033149, "train/ipsilateral_f1": 0.24582104228121926, "val/ipsilateral_accuracy": 0.7223476297968398, "val/ipsilateral_precision": 0.17142857142857143, "val/ipsilateral_recall": 0.15584415584415584, "val/ipsilateral_f1": 0.16326530612244897, "loss_history": {"_type": "image-file", "sha256": "38651672fe01f2bd8152290d4d62187102ff9771ed29167cfe2be7b3b9271a62", "size": 47981, "path": "media/images/loss_history_376_38651672fe01f2bd8152.png", "format": "png", "width": 1000, "height": 600}, "accuracy_history": {"_type": "image-file", "sha256": "f009159581183ba55b2d6ebe2ad2a60a5300df4ebee0fe62169ee3b9a2df2db2", "size": 59624, "path": "media/images/accuracy_history_377_f009159581183ba55b2d.png", "format": "png", "width": 1000, "height": 600}, "_wandb": {"runtime": 156}}