{"val/multiclass_confusion_matrix": {"_type": "image-file", "sha256": "5144c1527eadfbf4caa5effcae006bd5c595b2431465a486344827568ee6f6ac", "size": 18649, "path": "media/images/val/multiclass_confusion_matrix_68_5144c1527eadfbf4caa5.png", "format": "png", "width": 800, "height": 600}, "_timestamp": 1744367745.2190874, "_runtime": 25.9827823638916, "_step": 73, "val/contralateral_confusion_matrix": {"_type": "image-file", "sha256": "4eaec0c5d58699e13ceb651a14b8e4f87f6e939fd8fba224ef7486ab528f4e05", "size": 16978, "path": "media/images/val/contralateral_confusion_matrix_69_4eaec0c5d58699e13ceb.png", "format": "png", "width": 800, "height": 600}, "val/ipsilateral_confusion_matrix": {"_type": "image-file", "sha256": "3775f4453795e00f6e99aceb9837b385d7b1c7ff9b947156a3ee1b00393ab275", "size": 17632, "path": "media/images/val/ipsilateral_confusion_matrix_70_3775f4453795e00f6e99.png", "format": "png", "width": 800, "height": 600}, "epoch": 18, "train/loss": 0.1579371872358024, "val/loss": 0.16461105112518584, "learning_rate": 0.0001, "train/multiclass_accuracy": 0.6494140625, "train/multiclass_precision": 0.7266826171999493, "train/multiclass_recall": 0.6494140625, "train/multiclass_f1": 0.6519399456118178, "val/multiclass_accuracy": 0.5928411633109619, "val/multiclass_precision": 0.7119581178246455, "val/multiclass_recall": 0.5928411633109619, "val/multiclass_f1": 0.5888010561307387, "train/contralateral_accuracy": 0.8408203125, "train/contralateral_precision": 0.6775956284153005, "train/contralateral_recall": 0.7140115163147792, "train/contralateral_f1": 0.6953271028037383, "val/contralateral_accuracy": 0.8053691275167785, "val/contralateral_precision": 0.5906040268456376, "val/contralateral_recall": 0.7719298245614035, "val/contralateral_f1": 0.6692015209125475, "train/ipsilateral_accuracy": 0.78857421875, "train/ipsilateral_precision": 0.38079470198675497, "train/ipsilateral_recall": 0.3185595567867036, "train/ipsilateral_f1": 0.3469079939668175, "val/ipsilateral_accuracy": 0.7919463087248322, "val/ipsilateral_precision": 0.391304347826087, "val/ipsilateral_recall": 0.34615384615384615, "val/ipsilateral_f1": 0.36734693877551017, "loss_history": {"_type": "image-file", "sha256": "1a02570340022ab7bccb38995fe73e9a8d8c6b90002f177924f140caca4f017c", "size": 43460, "path": "media/images/loss_history_72_1a02570340022ab7bccb.png", "format": "png", "width": 1000, "height": 600}, "accuracy_history": {"_type": "image-file", "sha256": "085a4ac172751d4db043b35b7e449902fcf0623cc02406b4a356ecaf8a10399b", "size": 48584, "path": "media/images/accuracy_history_73_085a4ac172751d4db043.png", "format": "png", "width": 1000, "height": 600}, "_wandb": {"runtime": 28}}