{"val/multiclass_confusion_matrix": {"_type": "image-file", "sha256": "ea03091eb5bbeda7a32f6cfaaff508228f7a243b9ad406a6d4637d2902dc148e", "size": 20826, "path": "media/images/val/multiclass_confusion_matrix_116_ea03091eb5bbeda7a32f.png", "format": "png", "width": 800, "height": 600}, "_timestamp": 1744367624.5374212, "_runtime": 35.404611110687256, "_step": 121, "val/contralateral_confusion_matrix": {"_type": "image-file", "sha256": "9795c28ae60ce79414c43d80e03392704360822c01ae831c5ee2692b38e833a5", "size": 17170, "path": "media/images/val/contralateral_confusion_matrix_117_9795c28ae60ce79414c4.png", "format": "png", "width": 800, "height": 600}, "val/ipsilateral_confusion_matrix": {"_type": "image-file", "sha256": "f481c0ceae75031bf673ec29649cf18517a46f08163d0ec0f2380187888628cd", "size": 17930, "path": "media/images/val/ipsilateral_confusion_matrix_118_f481c0ceae75031bf673.png", "format": "png", "width": 800, "height": 600}, "epoch": 30, "train/loss": 0.07244503439869732, "val/loss": 0.09496678518397468, "learning_rate": 0.0001, "train/multiclass_accuracy": 0.8447265625, "train/multiclass_precision": 0.860968160859283, "train/multiclass_recall": 0.8447265625, "train/multiclass_f1": 0.84602347645598, "val/multiclass_accuracy": 0.7628635346756152, "val/multiclass_precision": 0.811016073817468, "val/multiclass_recall": 0.7628635346756152, "val/multiclass_f1": 0.7674788637282018, "train/contralateral_accuracy": 0.921875, "train/contralateral_precision": 0.8071065989847716, "train/contralateral_recall": 0.9120458891013384, "train/contralateral_f1": 0.8563734290843806, "val/contralateral_accuracy": 0.8859060402684564, "val/contralateral_precision": 0.7368421052631579, "val/contralateral_recall": 0.8596491228070176, "val/contralateral_f1": 0.7935222672064777, "train/ipsilateral_accuracy": 0.89501953125, "train/ipsilateral_precision": 0.653276955602537, "train/ipsilateral_recall": 0.8583333333333333, "train/ipsilateral_f1": 0.7418967587034814, "val/ipsilateral_accuracy": 0.8702460850111857, "val/ipsilateral_precision": 0.5892857142857143, "val/ipsilateral_recall": 0.8461538461538461, "val/ipsilateral_f1": 0.6947368421052632, "loss_history": {"_type": "image-file", "sha256": "1bc338f0e4bd60edda1fddfbbd97faa0e58ad7f74371d26dd644d908a198e431", "size": 45842, "path": "media/images/loss_history_120_1bc338f0e4bd60edda1f.png", "format": "png", "width": 1000, "height": 600}, "accuracy_history": {"_type": "image-file", "sha256": "6ba779f2cc2b9ec084def6cc0691b77e95fd81021b3c94fe0ee7f5231fdfc0b2", "size": 44752, "path": "media/images/accuracy_history_121_6ba779f2cc2b9ec084de.png", "format": "png", "width": 1000, "height": 600}, "_wandb": {"runtime": 37}}