{"val/multiclass_confusion_matrix": {"_type": "image-file", "sha256": "8242a8b2cc0989fd0c374c72336f0a17828ebff974bea666cbcd29bcb2beb8ae", "size": 20125, "path": "media/images/val/multiclass_confusion_matrix_68_8242a8b2cc0989fd0c37.png", "format": "png", "width": 800, "height": 600}, "_timestamp": 1744369177.578257, "_runtime": 25.472187042236328, "_step": 73, "val/contralateral_confusion_matrix": {"_type": "image-file", "sha256": "f0a39579e105bbdf3778cf97479c8c34a020c3774008c032f49c81eded6693b7", "size": 16908, "path": "media/images/val/contralateral_confusion_matrix_69_f0a39579e105bbdf3778.png", "format": "png", "width": 800, "height": 600}, "val/ipsilateral_confusion_matrix": {"_type": "image-file", "sha256": "122cecc06bc7833a39d425649ba1fec3967dae5f57d76b83e70e902107ee980e", "size": 17505, "path": "media/images/val/ipsilateral_confusion_matrix_70_122cecc06bc7833a39d4.png", "format": "png", "width": 800, "height": 600}, "epoch": 18, "train/loss": 0.12994330702349544, "val/loss": 0.13751781306096486, "learning_rate": 0.0001, "train/multiclass_accuracy": 0.75830078125, "train/multiclass_precision": 0.78105957414486, "train/multiclass_recall": 0.75830078125, "train/multiclass_f1": 0.7598979814921165, "val/multiclass_accuracy": 0.727069351230425, "val/multiclass_precision": 0.7591651241736019, "val/multiclass_recall": 0.727069351230425, "val/multiclass_f1": 0.7303213080324856, "train/contralateral_accuracy": 0.8701171875, "train/contralateral_precision": 0.7538699690402477, "train/contralateral_recall": 0.8198653198653199, "train/contralateral_f1": 0.785483870967742, "val/contralateral_accuracy": 0.8501118568232662, "val/contralateral_precision": 0.7094594594594594, "val/contralateral_recall": 0.813953488372093, "val/contralateral_f1": 0.7581227436823105, "train/ipsilateral_accuracy": 0.84521484375, "train/ipsilateral_precision": 0.6485507246376812, "train/ipsilateral_recall": 0.44862155388471175, "train/ipsilateral_f1": 0.5303703703703704, "val/ipsilateral_accuracy": 0.8612975391498882, "val/ipsilateral_precision": 0.6911764705882353, "val/ipsilateral_recall": 0.5340909090909091, "val/ipsilateral_f1": 0.6025641025641026, "loss_history": {"_type": "image-file", "sha256": "f3f017b16fd1b12a99d279a7918b40a02ee6a1755002e072ecec23dd92f44f6e", "size": 44388, "path": "media/images/loss_history_72_f3f017b16fd1b12a99d2.png", "format": "png", "width": 1000, "height": 600}, "accuracy_history": {"_type": "image-file", "sha256": "bc848124a7b007bf441f2c3ee7efc78713ae742b984d00641a513ff9df607fd0", "size": 48998, "path": "media/images/accuracy_history_73_bc848124a7b007bf441f.png", "format": "png", "width": 1000, "height": 600}, "_wandb": {"runtime": 27}}