{"train/loss": 0.2565156303919279, "epoch": 52, "train/multiclass_accuracy": 0.9109292248435243, "train/multiclass_precision": 0.9107954214061006, "train/multiclass_recall": 0.9109292248435243, "train/multiclass_f1": 0.9108512801103098, "train/multiclass_loss": 0.17854440212249756, "train/contralateral_accuracy": 0.9532980259990371, "train/contralateral_precision": 0.9055555555555556, "train/contralateral_recall": 0.914018691588785, "train/contralateral_f1": 0.9097674418604651, "train/contralateral_loss": 0.06465818732976913, "train/ipsilateral_accuracy": 0.9325950890707752, "train/ipsilateral_precision": 0.8492307692307692, "train/ipsilateral_recall": 0.7520435967302452, "train/ipsilateral_f1": 0.7976878612716763, "train/ipsilateral_loss": 0.09128429740667343, "_timestamp": 1744230346.5683157, "_runtime": 278.31645679473877, "_step": 957, "val/loss": 0.5143713163478034, "val/multiclass_accuracy": 0.8247191011235955, "val/multiclass_precision": 0.828180537087877, "val/multiclass_recall": 0.8247191011235955, "val/multiclass_f1": 0.8256663521530537, "val/multiclass_loss": 0.37571340799331665, "val/contralateral_accuracy": 0.9011235955056179, "val/contralateral_precision": 0.7876106194690266, "val/contralateral_recall": 0.8165137614678899, "val/contralateral_f1": 0.8018018018018018, "val/contralateral_loss": 0.17716315388679504, "val/ipsilateral_accuracy": 0.9168539325842696, "val/ipsilateral_precision": 0.7526881720430108, "val/ipsilateral_recall": 0.8333333333333334, "val/ipsilateral_f1": 0.7909604519774012, "val/ipsilateral_loss": 0.10015269368886948, "_wandb": {"runtime": 278}}