{"val/multiclass_confusion_matrix": {"_type": "image-file", "sha256": "ad0d9a8175615efaf7ced14f1787f86f58239c16edf8d5c60bcc68c7cc62a2ec", "size": 22248, "path": "media/images/val/multiclass_confusion_matrix_68_ad0d9a8175615efaf7ce.png", "format": "png", "width": 800, "height": 600}, "_timestamp": 1744909854.0683923, "_runtime": 42.31878328323364, "_step": 73, "val/contralateral_confusion_matrix": {"_type": "image-file", "sha256": "5dfe661ccf7f0c863bd468bb299211331441eaf3ba4fe4beeaca346b3e24fe70", "size": 17073, "path": "media/images/val/contralateral_confusion_matrix_69_5dfe661ccf7f0c863bd4.png", "format": "png", "width": 800, "height": 600}, "val/ipsilateral_confusion_matrix": {"_type": "image-file", "sha256": "9773209a5dbd87e7cd45179ca0ebc0eb5473faca9e4f4c66ead7ddfca0e10b73", "size": 18408, "path": "media/images/val/ipsilateral_confusion_matrix_70_9773209a5dbd87e7cd45.png", "format": "png", "width": 800, "height": 600}, "epoch": 18, "train/loss": 1.1869379039853811, "val/loss": 1.0750306333814348, "learning_rate": 7.794341618056273e-10, "train/multiclass_accuracy": 0.4951171875, "train/multiclass_precision": 0.5450289431257481, "train/multiclass_recall": 0.4951171875, "train/multiclass_f1": 0.506320915262571, "val/multiclass_accuracy": 0.4672686230248307, "val/multiclass_precision": 0.5364849473844966, "val/multiclass_recall": 0.4672686230248307, "val/multiclass_f1": 0.4854296390900072, "train/contralateral_accuracy": 0.7216796875, "train/contralateral_precision": 0.5233050847457628, "train/contralateral_recall": 0.4172297297297297, "train/contralateral_f1": 0.4642857142857143, "val/contralateral_accuracy": 0.7562076749435666, "val/contralateral_precision": 0.625, "val/contralateral_recall": 0.390625, "val/contralateral_f1": 0.4807692307692308, "train/ipsilateral_accuracy": 0.78759765625, "train/ipsilateral_precision": 0.41714285714285715, "train/ipsilateral_recall": 0.17980295566502463, "train/ipsilateral_f1": 0.2512908777969019, "val/ipsilateral_accuracy": 0.8126410835214447, "val/ipsilateral_precision": 0.7, "val/ipsilateral_recall": 0.08045977011494253, "val/ipsilateral_f1": 0.14432989690721648, "loss_history": {"_type": "image-file", "sha256": "c5b4aa52b7b4849208a5efa9a08403f7a9844e8f0e7e3b78bd82809d7b99d1bd", "size": 40570, "path": "media/images/loss_history_72_c5b4aa52b7b4849208a5.png", "format": "png", "width": 1000, "height": 600}, "accuracy_history": {"_type": "image-file", "sha256": "0d83eecd71642a2ce079fbe0d37fd217abf41e78f538103c46943536c5a7be4c", "size": 59447, "path": "media/images/accuracy_history_73_0d83eecd71642a2ce079.png", "format": "png", "width": 1000, "height": 600}, "_wandb": {"runtime": 46}}