{"val/multiclass_confusion_matrix": {"_type": "image-file", "sha256": "80a8c929a6ec5e9be696dc3bb96e16186fff3b073e2f9979d2953b3fea72b611", "size": 21655, "path": "media/images/val/multiclass_confusion_matrix_28_80a8c929a6ec5e9be696.png", "format": "png", "width": 800, "height": 600}, "_timestamp": 1744367243.540528, "_runtime": 17.740288972854614, "_step": 33, "val/contralateral_confusion_matrix": {"_type": "image-file", "sha256": "50c543cf4dc86291421854079b3e4c4a9f3dbbc59ccbf4d0c28d503ee406576a", "size": 17696, "path": "media/images/val/contralateral_confusion_matrix_29_50c543cf4dc862914218.png", "format": "png", "width": 800, "height": 600}, "val/ipsilateral_confusion_matrix": {"_type": "image-file", "sha256": "e9417679b59fb89fbe72f26e8891c3c3fd7fcbc2c38f42608bd76fa3478773e2", "size": 17105, "path": "media/images/val/ipsilateral_confusion_matrix_30_e9417679b59fb89fbe72.png", "format": "png", "width": 800, "height": 600}, "epoch": 8, "train/loss": 0.24951017601415515, "val/loss": 0.2472597999232156, "learning_rate": 5e-06, "train/multiclass_accuracy": 0.4345703125, "train/multiclass_precision": 0.4476950613766827, "train/multiclass_recall": 0.4345703125, "train/multiclass_f1": 0.4378473353531284, "val/multiclass_accuracy": 0.48769574944071586, "val/multiclass_precision": 0.4477546316472491, "val/multiclass_recall": 0.48769574944071586, "val/multiclass_f1": 0.4568720179539074, "train/contralateral_accuracy": 0.69189453125, "train/contralateral_precision": 0.3187919463087248, "train/contralateral_recall": 0.18164435946462715, "train/contralateral_f1": 0.23142509135200973, "val/contralateral_accuracy": 0.7136465324384788, "val/contralateral_precision": 0.23076923076923078, "val/contralateral_recall": 0.05263157894736842, "val/contralateral_f1": 0.08571428571428572, "train/ipsilateral_accuracy": 0.36474609375, "train/ipsilateral_precision": 0.1755829903978052, "train/ipsilateral_recall": 0.7211267605633803, "train/ipsilateral_f1": 0.2824048538334253, "val/ipsilateral_accuracy": 0.3221476510067114, "val/ipsilateral_precision": 0.17579250720461095, "val/ipsilateral_recall": 0.782051282051282, "val/ipsilateral_f1": 0.28705882352941176, "loss_history": {"_type": "image-file", "sha256": "c0efa17e87bf5c806be5a20567e170bb0f320fdca5a1da6ebe645be637043c18", "size": 42665, "path": "media/images/loss_history_32_c0efa17e87bf5c806be5.png", "format": "png", "width": 1000, "height": 600}, "accuracy_history": {"_type": "image-file", "sha256": "b56b3192aa501a313a098c31f692460bf6d5682ea86b194ba4f494328b3e375a", "size": 41871, "path": "media/images/accuracy_history_33_b56b3192aa501a313a09.png", "format": "png", "width": 1000, "height": 600}, "_wandb": {"runtime": 20}}